{"cameraMode":{"drawMode":0,"name":"Shaded","section":"Shading Mode"},"sceneLighting":true,"audioPlay":false,"sceneViewState":{"m_AlwaysRefresh":false,"showFog":true,"showSkybox":true,"showFlares":true,"showImageEffects":true,"showParticleSystems":true,"showVisualEffectGraphs":true,"m_FxEnabled":true},"in2DMode":false,"pivot":{"x":0.30214476585388186,"y":2.444817543029785,"z":29.601869583129884},"rotation":{"x":-0.013421458192169667,"y":0.8734354972839356,"z":-0.024112926796078683,"w":-0.4861585199832916},"size":1.1451902389526368,"orthographic":false}