{"cameraMode":{"drawMode":0,"name":"Shaded","section":"Shading Mode"},"sceneLighting":false,"audioPlay":false,"sceneViewState":{"m_AlwaysRefresh":false,"showFog":true,"showSkybox":false,"showFlares":true,"showImageEffects":true,"showParticleSystems":true,"showVisualEffectGraphs":true,"m_FxEnabled":true},"in2DMode":false,"pivot":{"x":0.25978657603263857,"y":1.8431541919708253,"z":0.014843106269836426},"rotation":{"x":0.08015462756156922,"y":-0.8491069078445435,"z":-0.13482767343521119,"w":-0.5044494867324829},"size":1.5355879068374634,"orthographic":true}