{"cameraMode":{"drawMode":0,"name":"Shaded","section":"Shading Mode"},"sceneLighting":false,"audioPlay":false,"sceneViewState":{"m_AlwaysRefresh":false,"showFog":true,"showSkybox":false,"showFlares":true,"showImageEffects":true,"showParticleSystems":true,"showVisualEffectGraphs":true,"m_FxEnabled":true},"in2DMode":false,"pivot":{"x":-0.11118954420089722,"y":0.6044880151748657,"z":0.21472179889678956},"rotation":{"x":-0.6530131101608276,"y":-0.32021766901016238,"z":0.5864605903625488,"w":-0.3565811812877655},"size":1.4506114721298218,"orthographic":true}