{"cameraMode":{"drawMode":0,"name":"Shaded","section":"Shading Mode"},"sceneLighting":false,"audioPlay":false,"sceneViewState":{"m_AlwaysRefresh":false,"showFog":true,"showSkybox":false,"showFlares":true,"showImageEffects":true,"showParticleSystems":true,"showVisualEffectGraphs":true,"m_FxEnabled":true},"in2DMode":false,"pivot":{"x":-0.005108600482344627,"y":0.14225471019744874,"z":-0.019039824604988099},"rotation":{"x":-0.002291078446432948,"y":0.9621268510818481,"z":0.008083841763436795,"w":0.27249762415885928},"size":0.19352522492408753,"orthographic":true}